-- Insert kingdoms
INSERT INTO kingdom (name) VALUES
  ('The North'),
  ('The Vale'),
  ('The Westerlands'),
  ('The Reach'),
  ('The Stormlands'),
  ('Dorne'),
  ('The Crownlands'),
  ('The Riverlands'),
  ('The Iron Islands'),
  ('Essos');

-- Insert houses
INSERT INTO houses (house, kingdom) VALUES
  ('Stark', 1),
  ('Arryn', 2),
  ('Lannister', 3),
  ('Tyrell', 4),
  ('Baratheon', 5),
  ('Martell', 6),
  ('Targaryen', 7),
  ('Tully', 8),
  ('Greyjoy', 9),
  ('Velaryon', 10),
  ('Baelish', 3),
  ('Blackfyre', 7),
  ('Tarth', 4),
  ('Tarly', 4),
  ('Mormont', 1),
  ('Seaworth', 5),
  ('Clegane', 3),
  ('Selmy', 7);

-- Insert dragons
INSERT INTO dragons (name) VALUES
  ('Syrax'),
  ('Caraxes'),
  ('Vermax'),
  ('Arrax'),
  ('Tyraxes'),
  ('Moondancer'),
  ('Seasmoke'),
  ('Vermithor'),
  ('Silverwing'),
  ('Sheepstealer'),
  ('Sunfyre'),
  ('Vhagar'),
  ('Dreamfyre'),
  ('Tessarion');

-- Insert characters
INSERT INTO characters (firstName, lastName, house, dragon) VALUES 
  ('Rhaenyra', 'Targaryen', 7, 1),
  ('Daemon', 'Targaryen', 7, 2),
  ('Jacaerys', 'Velaryon', 10, 3),
  ('Lucerys', 'Velaryon', 10, 4),
  ('Joffrey', 'Velaryon', 10, 5),
  ('Baela', 'Targaryen', 7, 6),
  ('Addam', 'Velaryon', 10, 7),
  ('Aegon', 'Targaryen', 7, 11),
  ('Aemond', 'Targaryen', 7, 12),
  ('Helaena', 'Targaryen', 7, 13),
  ('Daeron', 'Targaryen', 7, 14),
  ('Eddard', 'Stark', 1, NULL),
  ('Catelyn', 'Tully', 8, NULL),
  ('Robb', 'Stark', 1, NULL),
  ('Sansa', 'Stark', 1, NULL),
  ('Arya', 'Stark', 1, NULL),
  ('Bran', 'Stark', 1, NULL),
  ('Rickon', 'Stark', 1, NULL),
  ('Jon', 'Snow', 1, NULL),
  ('Cersei', 'Lannister', 3, NULL),
  ('Jaime', 'Lannister', 3, NULL),
  ('Tyrion', 'Lannister', 3, NULL),
  ('Tywin', 'Lannister', 3, NULL),
  ('Daenerys', 'Targaryen', 7, NULL), 
  ('Viserys', 'Targaryen', 7, NULL),
  ('Rhaegar', 'Targaryen', 7, NULL),
  ('Robert', 'Baratheon', 5, NULL),
  ('Stannis', 'Baratheon', 5, NULL),
  ('Renly', 'Baratheon', 5, NULL),
  ('Margaery', 'Tyrell', 4, NULL),
  ('Loras', 'Tyrell', 4, NULL),
  ('Oberyn', 'Martell', 6, NULL),
  ('Doran', 'Martell', 6, NULL),
  ('Asha', 'Greyjoy', 9, NULL),
  ('Theon', 'Greyjoy', 9, NULL),
  ('Balon', 'Greyjoy', 9, NULL),
  ('Petyr', 'Baelish', 11, NULL),
  ('Varys', 'Blackfyre', 12, NULL),
  ('Brienne', 'Tarth', 13, NULL), 
  ('Samwell', 'Tarly', 14, NULL),
  ('Jorah', 'Mormont', 15, NULL),
  ('Davos', 'Seaworth', 16, NULL),
  ('Sandor', 'Clegane', 17, NULL),
  ('Gregor', 'Clegane', 17, NULL),
  ('Lysa', 'Arryn', 2, NULL),
  ('Robin', 'Arryn', 2, NULL),
  ('Edmure', 'Tully', 8, NULL),
  ('Brynden', 'Tully', 8, NULL),
  ('Barristan', 'Selmy', 18, NULL);
